{
  "topic_type": {
    "precision": 0.5,
    "recall": 1.0,
    "f1-score": 0.6666666666666666,
    "support": 3,
    "confused_with": {}
  },
  "promise_day": {
    "precision": 1.0,
    "recall": 1.0,
    "f1-score": 1.0,
    "support": 6,
    "confused_with": {}
  },
  "next_job": {
    "precision": 1.0,
    "recall": 0.14285714285714285,
    "f1-score": 0.25,
    "support": 7,
    "confused_with": {}
  },
  "done_job": {
    "precision": 1.0,
    "recall": 1.0,
    "f1-score": 1.0,
    "support": 51,
    "confused_with": {}
  },
  "person_name": {
    "precision": 1.0,
    "recall": 1.0,
    "f1-score": 1.0,
    "support": 21,
    "confused_with": {}
  },
  "micro avg": {
    "precision": 0.9647058823529412,
    "recall": 0.9318181818181818,
    "f1-score": 0.9479768786127167,
    "support": 88
  },
  "macro avg": {
    "precision": 0.9,
    "recall": 0.8285714285714285,
    "f1-score": 0.7833333333333333,
    "support": 88
  },
  "weighted avg": {
    "precision": 0.9829545454545454,
    "recall": 0.9318181818181818,
    "f1-score": 0.9289772727272727,
    "support": 88
  },
  "accuracy": 0.9755434782608695
}