{
  "topic_type": {
    "precision": 0.5833333333333334,
    "recall": 1.0,
    "f1-score": 0.7368421052631579,
    "support": 7,
    "confused_with": {}
  },
  "promise_day": {
    "precision": 1.0,
    "recall": 1.0,
    "f1-score": 1.0,
    "support": 2,
    "confused_with": {}
  },
  "next_job": {
    "precision": 1.0,
    "recall": 0.3333333333333333,
    "f1-score": 0.5,
    "support": 6,
    "confused_with": {
      "done_job": 1
    }
  },
  "done_job": {
    "precision": 0.9736842105263158,
    "recall": 1.0,
    "f1-score": 0.9866666666666666,
    "support": 37,
    "confused_with": {}
  },
  "person_name": {
    "precision": 1.0,
    "recall": 1.0,
    "f1-score": 1.0,
    "support": 21,
    "confused_with": {}
  },
  "micro avg": {
    "precision": 0.92,
    "recall": 0.9452054794520548,
    "f1-score": 0.9324324324324323,
    "support": 73
  },
  "macro avg": {
    "precision": 0.9114035087719298,
    "recall": 0.8666666666666668,
    "f1-score": 0.844701754385965,
    "support": 73
  },
  "weighted avg": {
    "precision": 0.946707522230233,
    "recall": 0.9452054794520548,
    "f1-score": 0.9269118000480654,
    "support": 73
  },
  "accuracy": 0.9730538922155688
}