{
  "topic_type": {
    "precision": 0.0,
    "recall": 0.0,
    "f1-score": 0.0,
    "support": 4,
    "confused_with": {
      "done_job": 4
    }
  },
  "promise_day": {
    "precision": 1.0,
    "recall": 1.0,
    "f1-score": 1.0,
    "support": 2,
    "confused_with": {}
  },
  "done_job": {
    "precision": 0.9056603773584906,
    "recall": 0.96,
    "f1-score": 0.9320388349514563,
    "support": 50,
    "confused_with": {}
  },
  "person_name": {
    "precision": 0.9523809523809523,
    "recall": 0.9090909090909091,
    "f1-score": 0.9302325581395349,
    "support": 22,
    "confused_with": {}
  },
  "micro avg": {
    "precision": 0.9210526315789473,
    "recall": 0.8974358974358975,
    "f1-score": 0.9090909090909091,
    "support": 78
  },
  "macro avg": {
    "precision": 0.7145103324348607,
    "recall": 0.7172727272727273,
    "f1-score": 0.7155678482727478,
    "support": 78
  },
  "weighted avg": {
    "precision": 0.8748128182090448,
    "recall": 0.8974358974358975,
    "f1-score": 0.8854751029056741,
    "support": 78
  },
  "accuracy": 0.9739583333333334
}