{
  "topic_type": {
    "precision": 0.5,
    "recall": 1.0,
    "f1-score": 0.6666666666666666,
    "support": 3,
    "confused_with": {}
  },
  "promise_day": {
    "precision": 1.0,
    "recall": 1.0,
    "f1-score": 1.0,
    "support": 2,
    "confused_with": {}
  },
  "next_job": {
    "precision": 1.0,
    "recall": 0.42857142857142855,
    "f1-score": 0.6,
    "support": 7,
    "confused_with": {}
  },
  "done_job": {
    "precision": 1.0,
    "recall": 1.0,
    "f1-score": 1.0,
    "support": 51,
    "confused_with": {}
  },
  "person_name": {
    "precision": 1.0,
    "recall": 1.0,
    "f1-score": 1.0,
    "support": 21,
    "confused_with": {}
  },
  "micro avg": {
    "precision": 0.963855421686747,
    "recall": 0.9523809523809523,
    "f1-score": 0.9580838323353292,
    "support": 84
  },
  "macro avg": {
    "precision": 0.9,
    "recall": 0.8857142857142858,
    "f1-score": 0.8533333333333333,
    "support": 84
  },
  "weighted avg": {
    "precision": 0.9821428571428571,
    "recall": 0.9523809523809523,
    "f1-score": 0.9547619047619048,
    "support": 84
  },
  "accuracy": 0.9797687861271677
}