{
  "topic_type": {
    "precision": 0.5714285714285714,
    "recall": 1.0,
    "f1-score": 0.7272727272727273,
    "support": 4,
    "confused_with": {}
  },
  "promise_day": {
    "precision": 1.0,
    "recall": 1.0,
    "f1-score": 1.0,
    "support": 2,
    "confused_with": {}
  },
  "done_job": {
    "precision": 1.0,
    "recall": 1.0,
    "f1-score": 1.0,
    "support": 50,
    "confused_with": {}
  },
  "person_name": {
    "precision": 1.0,
    "recall": 0.9545454545454546,
    "f1-score": 0.9767441860465117,
    "support": 22,
    "confused_with": {}
  },
  "micro avg": {
    "precision": 0.9625,
    "recall": 0.9871794871794872,
    "f1-score": 0.9746835443037976,
    "support": 78
  },
  "macro avg": {
    "precision": 0.8928571428571428,
    "recall": 0.9886363636363636,
    "f1-score": 0.9260042283298098,
    "support": 78
  },
  "weighted avg": {
    "precision": 0.9780219780219779,
    "recall": 0.9871794871794872,
    "f1-score": 0.9794546538732585,
    "support": 78
  },
  "accuracy": 0.9888268156424581
}