{
  "topic_type": {
    "precision": 0.8,
    "recall": 1.0,
    "f1-score": 0.888888888888889,
    "support": 4,
    "confused_with": {}
  },
  "promise_day": {
    "precision": 1.0,
    "recall": 1.0,
    "f1-score": 1.0,
    "support": 2,
    "confused_with": {}
  },
  "done_job": {
    "precision": 0.9795918367346939,
    "recall": 0.96,
    "f1-score": 0.9696969696969697,
    "support": 50,
    "confused_with": {}
  },
  "person_name": {
    "precision": 1.0,
    "recall": 0.9090909090909091,
    "f1-score": 0.9523809523809523,
    "support": 22,
    "confused_with": {}
  },
  "micro avg": {
    "precision": 0.9736842105263158,
    "recall": 0.9487179487179487,
    "f1-score": 0.9610389610389611,
    "support": 78
  },
  "macro avg": {
    "precision": 0.9448979591836735,
    "recall": 0.9672727272727273,
    "f1-score": 0.9527417027417027,
    "support": 78
  },
  "weighted avg": {
    "precision": 0.9766614338042908,
    "recall": 0.9487179487179487,
    "f1-score": 0.9614459614459614,
    "support": 78
  },
  "accuracy": 0.984375
}