{
  "topic_type": {
    "precision": 0.42857142857142855,
    "recall": 1.0,
    "f1-score": 0.6,
    "support": 3,
    "confused_with": {}
  },
  "promise_day": {
    "precision": 1.0,
    "recall": 1.0,
    "f1-score": 1.0,
    "support": 2,
    "confused_with": {}
  },
  "next_job": {
    "precision": 1.0,
    "recall": 0.5714285714285714,
    "f1-score": 0.7272727272727273,
    "support": 7,
    "confused_with": {}
  },
  "done_job": {
    "precision": 1.0,
    "recall": 1.0,
    "f1-score": 1.0,
    "support": 51,
    "confused_with": {}
  },
  "person_name": {
    "precision": 1.0,
    "recall": 1.0,
    "f1-score": 1.0,
    "support": 21,
    "confused_with": {}
  },
  "micro avg": {
    "precision": 0.9529411764705882,
    "recall": 0.9642857142857143,
    "f1-score": 0.9585798816568047,
    "support": 84
  },
  "macro avg": {
    "precision": 0.8857142857142858,
    "recall": 0.9142857142857143,
    "f1-score": 0.8654545454545455,
    "support": 84
  },
  "weighted avg": {
    "precision": 0.9795918367346937,
    "recall": 0.9642857142857143,
    "f1-score": 0.962987012987013,
    "support": 84
  },
  "accuracy": 0.9797687861271677
}