{
  "topic_type": {
    "precision": 0.3,
    "recall": 1.0,
    "f1-score": 0.4615384615384615,
    "support": 3,
    "confused_with": {}
  },
  "promise_day": {
    "precision": 1.0,
    "recall": 1.0,
    "f1-score": 1.0,
    "support": 2,
    "confused_with": {}
  },
  "next_job": {
    "precision": 1.0,
    "recall": 0.5714285714285714,
    "f1-score": 0.7272727272727273,
    "support": 7,
    "confused_with": {}
  },
  "done_job": {
    "precision": 1.0,
    "recall": 1.0,
    "f1-score": 1.0,
    "support": 51,
    "confused_with": {}
  },
  "person_name": {
    "precision": 1.0,
    "recall": 1.0,
    "f1-score": 1.0,
    "support": 21,
    "confused_with": {}
  },
  "micro avg": {
    "precision": 0.9204545454545454,
    "recall": 0.9642857142857143,
    "f1-score": 0.941860465116279,
    "support": 84
  },
  "macro avg": {
    "precision": 0.86,
    "recall": 0.9142857142857143,
    "f1-score": 0.8377622377622377,
    "support": 84
  },
  "weighted avg": {
    "precision": 0.9750000000000001,
    "recall": 0.9642857142857143,
    "f1-score": 0.9580419580419581,
    "support": 84
  },
  "accuracy": 0.9710982658959537
}