{
  "topic_type": {
    "precision": 0.7,
    "recall": 1.0,
    "f1-score": 0.8235294117647058,
    "support": 7,
    "confused_with": {}
  },
  "promise_day": {
    "precision": 1.0,
    "recall": 1.0,
    "f1-score": 1.0,
    "support": 2,
    "confused_with": {}
  },
  "next_job": {
    "precision": 1.0,
    "recall": 0.3333333333333333,
    "f1-score": 0.5,
    "support": 6,
    "confused_with": {
      "done_job": 1
    }
  },
  "done_job": {
    "precision": 0.9487179487179487,
    "recall": 1.0,
    "f1-score": 0.9736842105263158,
    "support": 37,
    "confused_with": {}
  },
  "person_name": {
    "precision": 1.0,
    "recall": 1.0,
    "f1-score": 1.0,
    "support": 21,
    "confused_with": {}
  },
  "micro avg": {
    "precision": 0.9324324324324325,
    "recall": 0.9452054794520548,
    "f1-score": 0.9387755102040816,
    "support": 73
  },
  "macro avg": {
    "precision": 0.9297435897435898,
    "recall": 0.8666666666666668,
    "f1-score": 0.8594427244582044,
    "support": 73
  },
  "weighted avg": {
    "precision": 0.9452406041447136,
    "recall": 0.9452054794520548,
    "f1-score": 0.9286441324907757,
    "support": 73
  },
  "accuracy": 0.976878612716763
}