{
  "topic_type": {
    "precision": 0.5714285714285714,
    "recall": 1.0,
    "f1-score": 0.7272727272727273,
    "support": 8,
    "confused_with": {}
  },
  "promise_day": {
    "precision": 1.0,
    "recall": 1.0,
    "f1-score": 1.0,
    "support": 2,
    "confused_with": {}
  },
  "next_job": {
    "precision": 1.0,
    "recall": 0.5714285714285714,
    "f1-score": 0.7272727272727273,
    "support": 7,
    "confused_with": {}
  },
  "done_job": {
    "precision": 0.9444444444444444,
    "recall": 1.0,
    "f1-score": 0.9714285714285714,
    "support": 51,
    "confused_with": {}
  },
  "person_name": {
    "precision": 0.95,
    "recall": 0.9047619047619048,
    "f1-score": 0.9268292682926829,
    "support": 21,
    "confused_with": {}
  },
  "micro avg": {
    "precision": 0.8936170212765957,
    "recall": 0.9438202247191011,
    "f1-score": 0.9180327868852459,
    "support": 89
  },
  "macro avg": {
    "precision": 0.8931746031746032,
    "recall": 0.8952380952380953,
    "f1-score": 0.8705606588533417,
    "support": 89
  },
  "weighted avg": {
    "precision": 0.9178437667201711,
    "recall": 0.9438202247191011,
    "f1-score": 0.9203973335516225,
    "support": 89
  },
  "accuracy": 0.9592391304347826
}