{
  "topic_type": {
    "precision": 0.5,
    "recall": 1.0,
    "f1-score": 0.6666666666666666,
    "support": 8,
    "confused_with": {}
  },
  "promise_day": {
    "precision": 1.0,
    "recall": 1.0,
    "f1-score": 1.0,
    "support": 2,
    "confused_with": {}
  },
  "next_job": {
    "precision": 0.5,
    "recall": 0.14285714285714285,
    "f1-score": 0.22222222222222224,
    "support": 7,
    "confused_with": {}
  },
  "done_job": {
    "precision": 0.9444444444444444,
    "recall": 1.0,
    "f1-score": 0.9714285714285714,
    "support": 51,
    "confused_with": {}
  },
  "person_name": {
    "precision": 1.0,
    "recall": 0.9523809523809523,
    "f1-score": 0.975609756097561,
    "support": 21,
    "confused_with": {}
  },
  "micro avg": {
    "precision": 0.8723404255319149,
    "recall": 0.9213483146067416,
    "f1-score": 0.8961748633879781,
    "support": 89
  },
  "macro avg": {
    "precision": 0.788888888888889,
    "recall": 0.819047619047619,
    "f1-score": 0.7671854432830043,
    "support": 89
  },
  "weighted avg": {
    "precision": 0.8838951310861423,
    "recall": 0.9213483146067416,
    "f1-score": 0.8867365270763462,
    "support": 89
  },
  "accuracy": 0.9461756373937678
}