{
  "topic_type": {
    "precision": 0.5,
    "recall": 0.5,
    "f1-score": 0.5,
    "support": 8,
    "confused_with": {}
  },
  "promise_day": {
    "precision": 1.0,
    "recall": 1.0,
    "f1-score": 1.0,
    "support": 2,
    "confused_with": {}
  },
  "next_job": {
    "precision": 0.0,
    "recall": 0.0,
    "f1-score": 0.0,
    "support": 7,
    "confused_with": {}
  },
  "done_job": {
    "precision": 0.9107142857142857,
    "recall": 1.0,
    "f1-score": 0.9532710280373832,
    "support": 51,
    "confused_with": {}
  },
  "person_name": {
    "precision": 1.0,
    "recall": 0.8571428571428571,
    "f1-score": 0.923076923076923,
    "support": 21,
    "confused_with": {}
  },
  "micro avg": {
    "precision": 0.8928571428571429,
    "recall": 0.8426966292134831,
    "f1-score": 0.8670520231213873,
    "support": 89
  },
  "macro avg": {
    "precision": 0.6821428571428572,
    "recall": 0.6714285714285715,
    "f1-score": 0.6752695902228611,
    "support": 89
  },
  "weighted avg": {
    "precision": 0.8252407704654895,
    "recall": 0.8426966292134831,
    "f1-score": 0.8314768293766508,
    "support": 89
  },
  "accuracy": 0.9348441926345609
}