{
  "topic_type": {
    "precision": 0.8333333333333334,
    "recall": 0.7142857142857143,
    "f1-score": 0.7692307692307692,
    "support": 7,
    "confused_with": {}
  },
  "promise_day": {
    "precision": 1.0,
    "recall": 1.0,
    "f1-score": 1.0,
    "support": 2,
    "confused_with": {}
  },
  "next_job": {
    "precision": 0.0,
    "recall": 0.0,
    "f1-score": 0.0,
    "support": 6,
    "confused_with": {}
  },
  "done_job": {
    "precision": 1.0,
    "recall": 1.0,
    "f1-score": 1.0,
    "support": 37,
    "confused_with": {}
  },
  "person_name": {
    "precision": 1.0,
    "recall": 1.0,
    "f1-score": 1.0,
    "support": 21,
    "confused_with": {}
  },
  "micro avg": {
    "precision": 0.9848484848484849,
    "recall": 0.8904109589041096,
    "f1-score": 0.935251798561151,
    "support": 73
  },
  "macro avg": {
    "precision": 0.7666666666666667,
    "recall": 0.7428571428571429,
    "f1-score": 0.7538461538461538,
    "support": 73
  },
  "weighted avg": {
    "precision": 0.9018264840182649,
    "recall": 0.8904109589041096,
    "f1-score": 0.8956796628029505,
    "support": 73
  },
  "accuracy": 0.9730538922155688
}