{
  "topic_type": {
    "precision": 0.6666666666666666,
    "recall": 1.0,
    "f1-score": 0.8,
    "support": 8,
    "confused_with": {}
  },
  "promise_day": {
    "precision": 1.0,
    "recall": 1.0,
    "f1-score": 1.0,
    "support": 2,
    "confused_with": {}
  },
  "next_job": {
    "precision": 1.0,
    "recall": 0.14285714285714285,
    "f1-score": 0.25,
    "support": 7,
    "confused_with": {}
  },
  "done_job": {
    "precision": 0.9622641509433962,
    "recall": 1.0,
    "f1-score": 0.9807692307692307,
    "support": 51,
    "confused_with": {}
  },
  "person_name": {
    "precision": 1.0,
    "recall": 0.8571428571428571,
    "f1-score": 0.923076923076923,
    "support": 21,
    "confused_with": {}
  },
  "micro avg": {
    "precision": 0.9302325581395349,
    "recall": 0.898876404494382,
    "f1-score": 0.9142857142857143,
    "support": 89
  },
  "macro avg": {
    "precision": 0.9257861635220126,
    "recall": 0.8,
    "f1-score": 0.7907692307692307,
    "support": 89
  },
  "weighted avg": {
    "precision": 0.9484135396791745,
    "recall": 0.898876404494382,
    "f1-score": 0.8938634399308556,
    "support": 89
  },
  "accuracy": 0.9575070821529745
}