{
  "topic_type": {
    "precision": 1.0,
    "recall": 0.7142857142857143,
    "f1-score": 0.8333333333333333,
    "support": 7,
    "confused_with": {}
  },
  "promise_day": {
    "precision": 1.0,
    "recall": 1.0,
    "f1-score": 1.0,
    "support": 2,
    "confused_with": {}
  },
  "next_job": {
    "precision": 0.0,
    "recall": 0.0,
    "f1-score": 0.0,
    "support": 6,
    "confused_with": {}
  },
  "done_job": {
    "precision": 1.0,
    "recall": 1.0,
    "f1-score": 1.0,
    "support": 37,
    "confused_with": {}
  },
  "person_name": {
    "precision": 1.0,
    "recall": 1.0,
    "f1-score": 1.0,
    "support": 21,
    "confused_with": {}
  },
  "micro avg": {
    "precision": 1.0,
    "recall": 0.8904109589041096,
    "f1-score": 0.9420289855072463,
    "support": 73
  },
  "macro avg": {
    "precision": 0.8,
    "recall": 0.7428571428571429,
    "f1-score": 0.7666666666666666,
    "support": 73
  },
  "weighted avg": {
    "precision": 0.9178082191780822,
    "recall": 0.8904109589041096,
    "f1-score": 0.9018264840182649,
    "support": 73
  },
  "accuracy": 0.9760479041916168
}