{
  "topic_type": {
    "precision": 0.4,
    "recall": 0.5,
    "f1-score": 0.4444444444444445,
    "support": 4,
    "confused_with": {}
  },
  "promise_day": {
    "precision": 1.0,
    "recall": 1.0,
    "f1-score": 1.0,
    "support": 2,
    "confused_with": {}
  },
  "done_job": {
    "precision": 1.0,
    "recall": 1.0,
    "f1-score": 1.0,
    "support": 50,
    "confused_with": {}
  },
  "person_name": {
    "precision": 1.0,
    "recall": 1.0,
    "f1-score": 1.0,
    "support": 22,
    "confused_with": {}
  },
  "micro avg": {
    "precision": 0.9620253164556962,
    "recall": 0.9743589743589743,
    "f1-score": 0.9681528662420382,
    "support": 78
  },
  "macro avg": {
    "precision": 0.85,
    "recall": 0.875,
    "f1-score": 0.8611111111111112,
    "support": 78
  },
  "weighted avg": {
    "precision": 0.9692307692307691,
    "recall": 0.9743589743589743,
    "f1-score": 0.9715099715099714,
    "support": 78
  },
  "accuracy": 0.9860335195530726
}