{
  "topic_type": {
    "precision": 0.6,
    "recall": 0.8571428571428571,
    "f1-score": 0.7058823529411764,
    "support": 7,
    "confused_with": {}
  },
  "promise_day": {
    "precision": 1.0,
    "recall": 1.0,
    "f1-score": 1.0,
    "support": 2,
    "confused_with": {}
  },
  "next_job": {
    "precision": 0.125,
    "recall": 0.3333333333333333,
    "f1-score": 0.18181818181818182,
    "support": 6,
    "confused_with": {}
  },
  "done_job": {
    "precision": 1.0,
    "recall": 0.918918918918919,
    "f1-score": 0.9577464788732395,
    "support": 37,
    "confused_with": {}
  },
  "person_name": {
    "precision": 0.9523809523809523,
    "recall": 0.9523809523809523,
    "f1-score": 0.9523809523809523,
    "support": 21,
    "confused_with": {}
  },
  "micro avg": {
    "precision": 0.7710843373493976,
    "recall": 0.8767123287671232,
    "f1-score": 0.8205128205128205,
    "support": 73
  },
  "macro avg": {
    "precision": 0.7354761904761904,
    "recall": 0.8123552123552124,
    "f1-score": 0.75956559320271,
    "support": 73
  },
  "weighted avg": {
    "precision": 0.876027397260274,
    "recall": 0.8767123287671232,
    "f1-score": 0.8694343189014684,
    "support": 73
  },
  "accuracy": 0.9161676646706587
}