{
  "topic_type": {
    "precision": 0.5,
    "recall": 1.0,
    "f1-score": 0.6666666666666666,
    "support": 8,
    "confused_with": {}
  },
  "promise_day": {
    "precision": 1.0,
    "recall": 1.0,
    "f1-score": 1.0,
    "support": 2,
    "confused_with": {}
  },
  "next_job": {
    "precision": 0.0,
    "recall": 0.0,
    "f1-score": 0.0,
    "support": 7,
    "confused_with": {}
  },
  "done_job": {
    "precision": 0.9622641509433962,
    "recall": 1.0,
    "f1-score": 0.9807692307692307,
    "support": 51,
    "confused_with": {}
  },
  "person_name": {
    "precision": 1.0,
    "recall": 1.0,
    "f1-score": 1.0,
    "support": 21,
    "confused_with": {}
  },
  "micro avg": {
    "precision": 0.8913043478260869,
    "recall": 0.9213483146067416,
    "f1-score": 0.9060773480662982,
    "support": 89
  },
  "macro avg": {
    "precision": 0.6924528301886792,
    "recall": 0.8,
    "f1-score": 0.7294871794871794,
    "support": 89
  },
  "weighted avg": {
    "precision": 0.8547805808776765,
    "recall": 0.9213483146067416,
    "f1-score": 0.880365888792855,
    "support": 89
  },
  "accuracy": 0.9518413597733711
}