{
  "topic_type": {
    "precision": 0.5,
    "recall": 1.0,
    "f1-score": 0.6666666666666666,
    "support": 4,
    "confused_with": {}
  },
  "promise_day": {
    "precision": 1.0,
    "recall": 1.0,
    "f1-score": 1.0,
    "support": 2,
    "confused_with": {}
  },
  "done_job": {
    "precision": 1.0,
    "recall": 0.96,
    "f1-score": 0.9795918367346939,
    "support": 50,
    "confused_with": {}
  },
  "person_name": {
    "precision": 1.0,
    "recall": 0.9090909090909091,
    "f1-score": 0.9523809523809523,
    "support": 22,
    "confused_with": {}
  },
  "micro avg": {
    "precision": 0.9487179487179487,
    "recall": 0.9487179487179487,
    "f1-score": 0.9487179487179487,
    "support": 78
  },
  "macro avg": {
    "precision": 0.875,
    "recall": 0.9672727272727273,
    "f1-score": 0.8996598639455782,
    "support": 78
  },
  "weighted avg": {
    "precision": 0.9743589743589743,
    "recall": 0.9487179487179487,
    "f1-score": 0.9563928135356706,
    "support": 78
  },
  "accuracy": 0.9776536312849162
}