{
  "topic_type": {
    "precision": 0.36363636363636365,
    "recall": 1.0,
    "f1-score": 0.5333333333333333,
    "support": 4,
    "confused_with": {}
  },
  "promise_day": {
    "precision": 1.0,
    "recall": 1.0,
    "f1-score": 1.0,
    "support": 2,
    "confused_with": {}
  },
  "done_job": {
    "precision": 0.96,
    "recall": 0.96,
    "f1-score": 0.96,
    "support": 50,
    "confused_with": {}
  },
  "person_name": {
    "precision": 1.0,
    "recall": 0.8636363636363636,
    "f1-score": 0.9268292682926829,
    "support": 22,
    "confused_with": {}
  },
  "micro avg": {
    "precision": 0.8902439024390244,
    "recall": 0.9358974358974359,
    "f1-score": 0.9125,
    "support": 78
  },
  "macro avg": {
    "precision": 0.8309090909090909,
    "recall": 0.9559090909090909,
    "f1-score": 0.855040650406504,
    "support": 78
  },
  "weighted avg": {
    "precision": 0.9417249417249417,
    "recall": 0.9358974358974359,
    "f1-score": 0.9297894517406713,
    "support": 78
  },
  "accuracy": 0.9608938547486033
}