{
  "topic_type": {
    "precision": 0.8,
    "recall": 0.5,
    "f1-score": 0.6153846153846154,
    "support": 8,
    "confused_with": {}
  },
  "promise_day": {
    "precision": 1.0,
    "recall": 1.0,
    "f1-score": 1.0,
    "support": 2,
    "confused_with": {}
  },
  "next_job": {
    "precision": 0.0,
    "recall": 0.0,
    "f1-score": 0.0,
    "support": 7,
    "confused_with": {}
  },
  "done_job": {
    "precision": 0.9622641509433962,
    "recall": 1.0,
    "f1-score": 0.9807692307692307,
    "support": 51,
    "confused_with": {}
  },
  "person_name": {
    "precision": 1.0,
    "recall": 0.9523809523809523,
    "f1-score": 0.975609756097561,
    "support": 21,
    "confused_with": {}
  },
  "micro avg": {
    "precision": 0.9625,
    "recall": 0.8651685393258427,
    "f1-score": 0.911242603550296,
    "support": 89
  },
  "macro avg": {
    "precision": 0.7524528301886793,
    "recall": 0.6904761904761905,
    "f1-score": 0.7143527204502814,
    "support": 89
  },
  "weighted avg": {
    "precision": 0.881746873012508,
    "recall": 0.8651685393258427,
    "f1-score": 0.8700012648354659,
    "support": 89
  },
  "accuracy": 0.9575070821529745
}