{
  "topic_type": {
    "precision": 0.5714285714285714,
    "recall": 1.0,
    "f1-score": 0.7272727272727273,
    "support": 8,
    "confused_with": {}
  },
  "promise_day": {
    "precision": 1.0,
    "recall": 1.0,
    "f1-score": 1.0,
    "support": 2,
    "confused_with": {}
  },
  "next_job": {
    "precision": 1.0,
    "recall": 1.0,
    "f1-score": 1.0,
    "support": 7,
    "confused_with": {}
  },
  "done_job": {
    "precision": 0.9444444444444444,
    "recall": 1.0,
    "f1-score": 0.9714285714285714,
    "support": 51,
    "confused_with": {}
  },
  "person_name": {
    "precision": 1.0,
    "recall": 0.9047619047619048,
    "f1-score": 0.9500000000000001,
    "support": 21,
    "confused_with": {}
  },
  "micro avg": {
    "precision": 0.90625,
    "recall": 0.9775280898876404,
    "f1-score": 0.9405405405405405,
    "support": 89
  },
  "macro avg": {
    "precision": 0.9031746031746032,
    "recall": 0.980952380952381,
    "f1-score": 0.9297402597402599,
    "support": 89
  },
  "weighted avg": {
    "precision": 0.92964151952916,
    "recall": 0.9775280898876404,
    "f1-score": 0.9473150445060557,
    "support": 89
  },
  "accuracy": 0.9688385269121813
}