{
  "topic_type": {
    "precision": 0.5,
    "recall": 0.8571428571428571,
    "f1-score": 0.631578947368421,
    "support": 7,
    "confused_with": {}
  },
  "promise_day": {
    "precision": 1.0,
    "recall": 1.0,
    "f1-score": 1.0,
    "support": 2,
    "confused_with": {}
  },
  "next_job": {
    "precision": 0.3,
    "recall": 1.0,
    "f1-score": 0.4615384615384615,
    "support": 6,
    "confused_with": {}
  },
  "done_job": {
    "precision": 1.0,
    "recall": 1.0,
    "f1-score": 1.0,
    "support": 37,
    "confused_with": {}
  },
  "person_name": {
    "precision": 1.0,
    "recall": 0.9523809523809523,
    "f1-score": 0.975609756097561,
    "support": 21,
    "confused_with": {}
  },
  "micro avg": {
    "precision": 0.7802197802197802,
    "recall": 0.9726027397260274,
    "f1-score": 0.8658536585365854,
    "support": 73
  },
  "macro avg": {
    "precision": 0.76,
    "recall": 0.9619047619047618,
    "f1-score": 0.8137454330008886,
    "support": 73
  },
  "weighted avg": {
    "precision": 0.8945205479452054,
    "recall": 0.9726027397260274,
    "f1-score": 0.9133984695734041,
    "support": 73
  },
  "accuracy": 0.9341317365269461
}