{
  "topic_type": {
    "precision": 0.36363636363636365,
    "recall": 1.0,
    "f1-score": 0.5333333333333333,
    "support": 4,
    "confused_with": {}
  },
  "promise_day": {
    "precision": 1.0,
    "recall": 1.0,
    "f1-score": 1.0,
    "support": 2,
    "confused_with": {}
  },
  "done_job": {
    "precision": 1.0,
    "recall": 0.96,
    "f1-score": 0.9795918367346939,
    "support": 50,
    "confused_with": {}
  },
  "person_name": {
    "precision": 1.0,
    "recall": 0.9545454545454546,
    "f1-score": 0.9767441860465117,
    "support": 22,
    "confused_with": {}
  },
  "micro avg": {
    "precision": 0.9146341463414634,
    "recall": 0.9615384615384616,
    "f1-score": 0.9375000000000001,
    "support": 78
  },
  "macro avg": {
    "precision": 0.8409090909090909,
    "recall": 0.9786363636363636,
    "f1-score": 0.8724173390286347,
    "support": 78
  },
  "weighted avg": {
    "precision": 0.9673659673659674,
    "recall": 0.9615384615384616,
    "f1-score": 0.9564268879883497,
    "support": 78
  },
  "accuracy": 0.9720670391061452
}