{
  "topic_type": {
    "precision": 0.8888888888888888,
    "recall": 1.0,
    "f1-score": 0.9411764705882353,
    "support": 8,
    "confused_with": {}
  },
  "promise_day": {
    "precision": 1.0,
    "recall": 1.0,
    "f1-score": 1.0,
    "support": 2,
    "confused_with": {}
  },
  "next_job": {
    "precision": 1.0,
    "recall": 1.0,
    "f1-score": 1.0,
    "support": 7,
    "confused_with": {}
  },
  "done_job": {
    "precision": 1.0,
    "recall": 1.0,
    "f1-score": 1.0,
    "support": 51,
    "confused_with": {}
  },
  "person_name": {
    "precision": 1.0,
    "recall": 0.9047619047619048,
    "f1-score": 0.9500000000000001,
    "support": 21,
    "confused_with": {}
  },
  "micro avg": {
    "precision": 0.9886363636363636,
    "recall": 0.9775280898876404,
    "f1-score": 0.983050847457627,
    "support": 89
  },
  "macro avg": {
    "precision": 0.9777777777777779,
    "recall": 0.980952380952381,
    "f1-score": 0.9782352941176471,
    "support": 89
  },
  "weighted avg": {
    "precision": 0.990012484394507,
    "recall": 0.9775280898876404,
    "f1-score": 0.9829147389292796,
    "support": 89
  },
  "accuracy": 0.9915014164305949
}