{
  "topic_type": {
    "precision": 0.875,
    "recall": 1.0,
    "f1-score": 0.9333333333333333,
    "support": 7,
    "confused_with": {}
  },
  "promise_day": {
    "precision": 1.0,
    "recall": 1.0,
    "f1-score": 1.0,
    "support": 2,
    "confused_with": {}
  },
  "next_job": {
    "precision": 1.0,
    "recall": 0.8333333333333334,
    "f1-score": 0.9090909090909091,
    "support": 6,
    "confused_with": {}
  },
  "done_job": {
    "precision": 1.0,
    "recall": 1.0,
    "f1-score": 1.0,
    "support": 37,
    "confused_with": {}
  },
  "person_name": {
    "precision": 1.0,
    "recall": 1.0,
    "f1-score": 1.0,
    "support": 21,
    "confused_with": {}
  },
  "micro avg": {
    "precision": 0.9863013698630136,
    "recall": 0.9863013698630136,
    "f1-score": 0.9863013698630136,
    "support": 73
  },
  "macro avg": {
    "precision": 0.975,
    "recall": 0.9666666666666668,
    "f1-score": 0.9684848484848484,
    "support": 73
  },
  "weighted avg": {
    "precision": 0.988013698630137,
    "recall": 0.9863013698630136,
    "f1-score": 0.9861353258613532,
    "support": 73
  },
  "accuracy": 0.9942196531791907
}