{
  "topic_type": {
    "precision": 0.2222222222222222,
    "recall": 1.0,
    "f1-score": 0.3636363636363636,
    "support": 4,
    "confused_with": {}
  },
  "promise_day": {
    "precision": 1.0,
    "recall": 1.0,
    "f1-score": 1.0,
    "support": 2,
    "confused_with": {}
  },
  "done_job": {
    "precision": 0.9655172413793104,
    "recall": 0.56,
    "f1-score": 0.7088607594936709,
    "support": 50,
    "confused_with": {
      "topic_type": 8
    }
  },
  "person_name": {
    "precision": 1.0,
    "recall": 0.8181818181818182,
    "f1-score": 0.9,
    "support": 22,
    "confused_with": {}
  },
  "micro avg": {
    "precision": 0.7761194029850746,
    "recall": 0.6666666666666666,
    "f1-score": 0.7172413793103448,
    "support": 78
  },
  "macro avg": {
    "precision": 0.7969348659003832,
    "recall": 0.8445454545454546,
    "f1-score": 0.7431242807825086,
    "support": 78
  },
  "weighted avg": {
    "precision": 0.9380096276648001,
    "recall": 0.6666666666666666,
    "f1-score": 0.7525331208875513,
    "support": 78
  },
  "accuracy": 0.9078212290502793
}