{
  "topic_type": {
    "precision": 0.3,
    "recall": 1.0,
    "f1-score": 0.4615384615384615,
    "support": 3,
    "confused_with": {}
  },
  "promise_day": {
    "precision": 1.0,
    "recall": 0.5,
    "f1-score": 0.6666666666666666,
    "support": 6,
    "confused_with": {}
  },
  "next_job": {
    "precision": 0.0,
    "recall": 0.0,
    "f1-score": 0.0,
    "support": 7,
    "confused_with": {}
  },
  "done_job": {
    "precision": 0.9272727272727272,
    "recall": 1.0,
    "f1-score": 0.9622641509433962,
    "support": 51,
    "confused_with": {}
  },
  "person_name": {
    "precision": 1.0,
    "recall": 0.9047619047619048,
    "f1-score": 0.9500000000000001,
    "support": 21,
    "confused_with": {
      "done_job": 1
    }
  },
  "micro avg": {
    "precision": 0.8735632183908046,
    "recall": 0.8636363636363636,
    "f1-score": 0.8685714285714287,
    "support": 88
  },
  "macro avg": {
    "precision": 0.6454545454545455,
    "recall": 0.680952380952381,
    "f1-score": 0.6080938558297049,
    "support": 88
  },
  "weighted avg": {
    "precision": 0.8544421487603305,
    "recall": 0.8636363636363636,
    "f1-score": 0.8455691713946432,
    "support": 88
  },
  "accuracy": 0.9402173913043478
}