{
  "bert": [
    [
      0.972972972972973,
      0.9433719433719432,
      0.8914414414414413,
      0.7444015444015445
    ],
    [
      1.0,
      1.0,
      0.8598338598338597,
      0.8140283140283141
    ],
    [
      0.9703989703989704,
      0.9429429429429429,
      0.9163449163449163,
      0.8394680394680396
    ],
    [
      1.0,
      0.9433719433719434,
      0.9138996138996139,
      0.827027027027027
    ]
  ],
  "config": [
    [
      0.9433719433719432,
      0.9163449163449163,
      0.7992277992277992,
      0.6663449163449163
    ],
    [
      0.9703989703989704,
      0.9141141141141141,
      0.6732108732108731,
      0.753925353925354
    ],
    [
      0.9133419133419133,
      0.8408408408408409,
      0.7572715572715573,
      0.6735521235521237
    ],
    [
      0.9421707421707421,
      0.9433719433719434,
      0.7895752895752896,
      0.6953940953940954
    ]
  ],
  "roberta": [
    [
      0.9163449163449163,
      0.9433719433719432,
      0.8559845559845559,
      0.7353925353925354
    ],
    [
      0.9366366366366368,
      0.9163449163449163,
      0.7941031941031941,
      0.7553469053469053
    ],
    [
      0.9433719433719434,
      0.8702702702702704,
      0.8216216216216217,
      0.7144846144846144
    ],
    [
      0.9447447447447448,
      0.8931788931788933,
      0.8097227097227098,
      0.6545688545688545
    ]
  ],
  "spacy": [
    [
      0.881981981981982,
      0.8585585585585586,
      0.857084357084357,
      0.7427927927927928
    ],
    [
      0.8567138567138567,
      0.9118404118404119,
      0.6687258687258687,
      0.8118404118404118
    ],
    [
      0.8625482625482627,
      0.8960960960960962,
      0.8012870012870014,
      0.7814086814086815
    ],
    [
      0.9144144144144145,
      0.8852852852852852,
      0.7774774774774774,
      0.7319176319176319
    ]
  ]
}