{
  "topic_type": {
    "precision": 0.36363636363636365,
    "recall": 0.5,
    "f1-score": 0.4210526315789474,
    "support": 8,
    "confused_with": {
      "done_job": 4
    }
  },
  "promise_day": {
    "precision": 1.0,
    "recall": 1.0,
    "f1-score": 1.0,
    "support": 2,
    "confused_with": {}
  },
  "next_job": {
    "precision": 0.0,
    "recall": 0.0,
    "f1-score": 0.0,
    "support": 7,
    "confused_with": {}
  },
  "done_job": {
    "precision": 0.7543859649122807,
    "recall": 0.8431372549019608,
    "f1-score": 0.7962962962962964,
    "support": 51,
    "confused_with": {}
  },
  "person_name": {
    "precision": 0.95,
    "recall": 0.9047619047619048,
    "f1-score": 0.9268292682926829,
    "support": 21,
    "confused_with": {
      "done_job": 1
    }
  },
  "micro avg": {
    "precision": 0.7555555555555555,
    "recall": 0.7640449438202247,
    "f1-score": 0.7597765363128491,
    "support": 89
  },
  "macro avg": {
    "precision": 0.6136044657097288,
    "recall": 0.6495798319327731,
    "f1-score": 0.6288356392335853,
    "support": 89
  },
  "weighted avg": {
    "precision": 0.7116042148271599,
    "recall": 0.7640449438202247,
    "f1-score": 0.7353140089650452,
    "support": 89
  },
  "accuracy": 0.8967391304347826
}