{
  "topic_type": {
    "precision": 0.5,
    "recall": 0.5,
    "f1-score": 0.5,
    "support": 8,
    "confused_with": {
      "done_job": 2
    }
  },
  "promise_day": {
    "precision": 1.0,
    "recall": 1.0,
    "f1-score": 1.0,
    "support": 2,
    "confused_with": {}
  },
  "next_job": {
    "precision": 0.0,
    "recall": 0.0,
    "f1-score": 0.0,
    "support": 7,
    "confused_with": {}
  },
  "done_job": {
    "precision": 0.9272727272727272,
    "recall": 1.0,
    "f1-score": 0.9622641509433962,
    "support": 51,
    "confused_with": {}
  },
  "person_name": {
    "precision": 1.0,
    "recall": 0.9523809523809523,
    "f1-score": 0.975609756097561,
    "support": 21,
    "confused_with": {}
  },
  "micro avg": {
    "precision": 0.9058823529411765,
    "recall": 0.8651685393258427,
    "f1-score": 0.8850574712643678,
    "support": 89
  },
  "macro avg": {
    "precision": 0.6854545454545454,
    "recall": 0.6904761904761905,
    "f1-score": 0.6875747814081914,
    "support": 89
  },
  "weighted avg": {
    "precision": 0.834729315628192,
    "recall": 0.8651685393258427,
    "f1-score": 0.849025579507438,
    "support": 89
  },
  "accuracy": 0.9490084985835694
}