{
  "topic_type": {
    "precision": 0.5714285714285714,
    "recall": 1.0,
    "f1-score": 0.7272727272727273,
    "support": 4,
    "confused_with": {}
  },
  "promise_day": {
    "precision": 1.0,
    "recall": 1.0,
    "f1-score": 1.0,
    "support": 2,
    "confused_with": {}
  },
  "done_job": {
    "precision": 0.9787234042553191,
    "recall": 0.92,
    "f1-score": 0.9484536082474226,
    "support": 50,
    "confused_with": {}
  },
  "person_name": {
    "precision": 0.9090909090909091,
    "recall": 0.9090909090909091,
    "f1-score": 0.9090909090909091,
    "support": 22,
    "confused_with": {}
  },
  "micro avg": {
    "precision": 0.9230769230769231,
    "recall": 0.9230769230769231,
    "f1-score": 0.9230769230769231,
    "support": 78
  },
  "macro avg": {
    "precision": 0.8648107211937,
    "recall": 0.9572727272727273,
    "f1-score": 0.8962043111527648,
    "support": 78
  },
  "weighted avg": {
    "precision": 0.938742108954875,
    "recall": 0.9230769230769231,
    "f1-score": 0.9273304015572057,
    "support": 78
  },
  "accuracy": 0.9664804469273743
}