{
  "topic_type": {
    "precision": 0.5,
    "recall": 0.5,
    "f1-score": 0.5,
    "support": 8,
    "confused_with": {
      "done_job": 4
    }
  },
  "promise_day": {
    "precision": 1.0,
    "recall": 1.0,
    "f1-score": 1.0,
    "support": 2,
    "confused_with": {}
  },
  "next_job": {
    "precision": 1.0,
    "recall": 0.14285714285714285,
    "f1-score": 0.25,
    "support": 7,
    "confused_with": {
      "done_job": 1
    }
  },
  "done_job": {
    "precision": 0.8095238095238095,
    "recall": 1.0,
    "f1-score": 0.8947368421052632,
    "support": 51,
    "confused_with": {}
  },
  "person_name": {
    "precision": 1.0,
    "recall": 0.9047619047619048,
    "f1-score": 0.9500000000000001,
    "support": 21,
    "confused_with": {}
  },
  "micro avg": {
    "precision": 0.8279569892473119,
    "recall": 0.8651685393258427,
    "f1-score": 0.8461538461538461,
    "support": 89
  },
  "macro avg": {
    "precision": 0.8619047619047618,
    "recall": 0.7095238095238094,
    "f1-score": 0.7189473684210527,
    "support": 89
  },
  "weighted avg": {
    "precision": 0.8459069020866773,
    "recall": 0.8651685393258427,
    "f1-score": 0.8239503252513306,
    "support": 89
  },
  "accuracy": 0.9375
}