{
  "topic_type": {
    "precision": 0.36363636363636365,
    "recall": 0.5,
    "f1-score": 0.4210526315789474,
    "support": 8,
    "confused_with": {
      "done_job": 4
    }
  },
  "promise_day": {
    "precision": 1.0,
    "recall": 1.0,
    "f1-score": 1.0,
    "support": 2,
    "confused_with": {}
  },
  "next_job": {
    "precision": 0.0,
    "recall": 0.0,
    "f1-score": 0.0,
    "support": 7,
    "confused_with": {}
  },
  "done_job": {
    "precision": 0.7727272727272727,
    "recall": 1.0,
    "f1-score": 0.8717948717948718,
    "support": 51,
    "confused_with": {}
  },
  "person_name": {
    "precision": 1.0,
    "recall": 0.8571428571428571,
    "f1-score": 0.923076923076923,
    "support": 21,
    "confused_with": {}
  },
  "micro avg": {
    "precision": 0.7731958762886598,
    "recall": 0.8426966292134831,
    "f1-score": 0.8064516129032259,
    "support": 89
  },
  "macro avg": {
    "precision": 0.6272727272727273,
    "recall": 0.6714285714285715,
    "f1-score": 0.6431848852901484,
    "support": 89
  },
  "weighted avg": {
    "precision": 0.7339121552604698,
    "recall": 0.8426966292134831,
    "f1-score": 0.7776918527953419,
    "support": 89
  },
  "accuracy": 0.9093484419263456
}