{
  "topic_type": {
    "precision": 0.4,
    "recall": 1.0,
    "f1-score": 0.5714285714285715,
    "support": 4,
    "confused_with": {}
  },
  "promise_day": {
    "precision": 1.0,
    "recall": 1.0,
    "f1-score": 1.0,
    "support": 2,
    "confused_with": {}
  },
  "done_job": {
    "precision": 1.0,
    "recall": 0.6,
    "f1-score": 0.7499999999999999,
    "support": 50,
    "confused_with": {}
  },
  "person_name": {
    "precision": 1.0,
    "recall": 0.9090909090909091,
    "f1-score": 0.9523809523809523,
    "support": 22,
    "confused_with": {}
  },
  "micro avg": {
    "precision": 0.9032258064516129,
    "recall": 0.717948717948718,
    "f1-score": 0.8,
    "support": 78
  },
  "macro avg": {
    "precision": 0.85,
    "recall": 0.8772727272727273,
    "f1-score": 0.8184523809523809,
    "support": 78
  },
  "weighted avg": {
    "precision": 0.9692307692307691,
    "recall": 0.717948717948718,
    "f1-score": 0.8043345543345541,
    "support": 78
  },
  "accuracy": 0.9217877094972067
}