{
  "topic_type": {
    "precision": 0.5,
    "recall": 1.0,
    "f1-score": 0.6666666666666666,
    "support": 3,
    "confused_with": {}
  },
  "promise_day": {
    "precision": 1.0,
    "recall": 1.0,
    "f1-score": 1.0,
    "support": 6,
    "confused_with": {}
  },
  "next_job": {
    "precision": 1.0,
    "recall": 0.42857142857142855,
    "f1-score": 0.6,
    "support": 7,
    "confused_with": {}
  },
  "done_job": {
    "precision": 0.9272727272727272,
    "recall": 1.0,
    "f1-score": 0.9622641509433962,
    "support": 51,
    "confused_with": {}
  },
  "person_name": {
    "precision": 1.0,
    "recall": 1.0,
    "f1-score": 1.0,
    "support": 21,
    "confused_with": {}
  },
  "micro avg": {
    "precision": 0.9230769230769231,
    "recall": 0.9545454545454546,
    "f1-score": 0.9385474860335197,
    "support": 88
  },
  "macro avg": {
    "precision": 0.8854545454545455,
    "recall": 0.8857142857142858,
    "f1-score": 0.8457861635220126,
    "support": 88
  },
  "weighted avg": {
    "precision": 0.9408057851239668,
    "recall": 0.9545454545454546,
    "f1-score": 0.9349485420240137,
    "support": 88
  },
  "accuracy": 0.970108695652174
}